Title,Time ,User
How to start your restaurant and make a profit in 8 weeks!,62240,PFABEm3ELjV5bhOq9LwapHMnV2w1
Day trading strategy for all levels  with 72% success rate,50240,g28ct3WWrWXqP3Z0LhI2J01yOsX2
Data Analytics Using Elasticsearch & KibanaHands On!,1500,oICWcpjSH1XEMpSTGOHPJ71ABh33
Get Big Things Done Become a Standout Collaborator,12020,qbPxMpzHfOVFC7lXTY6cGprZJs82
International Expansion A Blueprint for Success,40140,IED0Ji1oKHh7DZ9Jbg87mTHkYtu1
A Complete Course on Microstrategy 101x BI tool,30210,JEsNTBIwgAQspysSe5FWhR80zY03
Drawing for Business Communication,11310,PFABEm3ELjV5bhOq9LwapHMnV2w1
How To Start A T Shirt Printing Business Sell Shirts Online,10550,g28ct3WWrWXqP3Z0LhI2J01yOsX2
Customer Service  Customer Relationship Management,50810,oICWcpjSH1XEMpSTGOHPJ71ABh33
Entrepreneurship and Small Business Mindsets for Success,2230,qbPxMpzHfOVFC7lXTY6cGprZJs82
The Advanced Real Estate Equity Waterfall Modeling Class,1400,IED0Ji1oKHh7DZ9Jbg87mTHkYtu1
Inventor Transform Your Idea Into Profits and Royalties,31520,JEsNTBIwgAQspysSe5FWhR80zY03
Customer Success Manager (CSM) Elite,50920,PFABEm3ELjV5bhOq9LwapHMnV2w1
First Sell YOU or You Will Never Sell Anything to Anybody!,21440,g28ct3WWrWXqP3Z0LhI2J01yOsX2
Trading Portfolio Expert Advisors + 100 EURUSD Strategies,50810,oICWcpjSH1XEMpSTGOHPJ71ABh33
11 Free Ways To Get Mass Traffic To Your Website in 2020!,720,qbPxMpzHfOVFC7lXTY6cGprZJs82
IT Risk Management,31950,IED0Ji1oKHh7DZ9Jbg87mTHkYtu1
High performance Stock Trading using key Options techniques,61420,JEsNTBIwgAQspysSe5FWhR80zY03
Certification in Renko Chart Trading & Taj Mahal Strategy,62330,PFABEm3ELjV5bhOq9LwapHMnV2w1
How to Buy Probate Real Estate,62350,g28ct3WWrWXqP3Z0LhI2J01yOsX2
Amazon Kindle Publishing Masterclass  Selfpublish an eBook,52330,oICWcpjSH1XEMpSTGOHPJ71ABh33
Make the most of your Adobe Illustrator & Photoshop skills,2240,qbPxMpzHfOVFC7lXTY6cGprZJs82
Financial Modeling for Startups,21500,IED0Ji1oKHh7DZ9Jbg87mTHkYtu1
Project Management Certification Training + 2 Practice Exams,1210,JEsNTBIwgAQspysSe5FWhR80zY03
Customer Acquisition Cost and Customer Lifetime Value,51940,PFABEm3ELjV5bhOq9LwapHMnV2w1
How To Start Your Own Cleaning Business,11120,g28ct3WWrWXqP3Z0LhI2J01yOsX2
Trading Biotech Stocks  Understanding the Healthcare Sector,10240,oICWcpjSH1XEMpSTGOHPJ71ABh33
The Complete Short Course on Ripple Cryptocurrency,10200,qbPxMpzHfOVFC7lXTY6cGprZJs82
Building a Niche Website Business From Home,11050,IED0Ji1oKHh7DZ9Jbg87mTHkYtu1
Data analysis with Tableau (with 3 downloadable datasets),50110,JEsNTBIwgAQspysSe5FWhR80zY03
Acumen Presents Mihir Desai on Demystifying Finance,22210,PFABEm3ELjV5bhOq9LwapHMnV2w1
The Business Startup Guide to Become an Entrepreneur,61100,g28ct3WWrWXqP3Z0LhI2J01yOsX2
Mastering Technical Analysis  Maximizing Trading Profits,60830,oICWcpjSH1XEMpSTGOHPJ71ABh33
Grant Writing How to Write Nonprofit Grants for Beginners,11550,qbPxMpzHfOVFC7lXTY6cGprZJs82
Ethical and Professional Human Resources (HR),50810,IED0Ji1oKHh7DZ9Jbg87mTHkYtu1
The Complete Advanced Accounting and Finance Course,61100,JEsNTBIwgAQspysSe5FWhR80zY03
YouTube Secrets 2020 Your Complete YouTube Masterclass!,22100,PFABEm3ELjV5bhOq9LwapHMnV2w1
Ethical Decision Making Framework,40020,g28ct3WWrWXqP3Z0LhI2J01yOsX2
Master Public Policy Analysis Advanced,51110,oICWcpjSH1XEMpSTGOHPJ71ABh33
Hands On Project Management The Learn by Doing Approach,11310,qbPxMpzHfOVFC7lXTY6cGprZJs82
Analytical Techniques for Business Analysis (IIBA  ECBA),30030,IED0Ji1oKHh7DZ9Jbg87mTHkYtu1
How To Create A 5 Figure Writing Business 2020 ZERO SKILLS,41130,JEsNTBIwgAQspysSe5FWhR80zY03
TRIZ Engineering ProblemSolving Algorithm,51300,PFABEm3ELjV5bhOq9LwapHMnV2w1
Creating Bundles For Amazon FBA,31240,g28ct3WWrWXqP3Z0LhI2J01yOsX2
Earn Extra Income With Profitable Broiler chicken Production,20020,oICWcpjSH1XEMpSTGOHPJ71ABh33
Business Finance A Complete Introduction,32310,qbPxMpzHfOVFC7lXTY6cGprZJs82
DreadFree Difficult Conversations Speak Up with Courage,12230,IED0Ji1oKHh7DZ9Jbg87mTHkYtu1
Work from Home Doing Transcription,60340,JEsNTBIwgAQspysSe5FWhR80zY03
Fiverr Hack Masterclass Ultimate Fiverr mastery course,21630,PFABEm3ELjV5bhOq9LwapHMnV2w1
Financial Accounting  The Ultimate Beginner Course,51810,g28ct3WWrWXqP3Z0LhI2J01yOsX2
Microsoft SQL Server And TSQL Course For Beginners,11030,oICWcpjSH1XEMpSTGOHPJ71ABh33
Real World Vagrant For Distributed Computing,50010,qbPxMpzHfOVFC7lXTY6cGprZJs82
Enterprise Risk Management (ERM) 101,61520,IED0Ji1oKHh7DZ9Jbg87mTHkYtu1
Jira 7 For Developer  Administrator & Project Managers,50720,JEsNTBIwgAQspysSe5FWhR80zY03
HR Analytics & People Analytics 101  Beginner,10500,PFABEm3ELjV5bhOq9LwapHMnV2w1
Actuarial Science For NonActuaries,60040,g28ct3WWrWXqP3Z0LhI2J01yOsX2
Purchasing your first investment property,60940,oICWcpjSH1XEMpSTGOHPJ71ABh33
Project Management How to create a complete Plan in 1h,2240,qbPxMpzHfOVFC7lXTY6cGprZJs82
Learn 4 Steps to Make Money Online with Affiliate Marketing!,41310,IED0Ji1oKHh7DZ9Jbg87mTHkYtu1
Writing to Heal  Using journaling to transform your life,40040,JEsNTBIwgAQspysSe5FWhR80zY03
Airline Strategy How to run an airline + FREE ebook,41610,PFABEm3ELjV5bhOq9LwapHMnV2w1
Insider Secrets of Top Commercial Real Estate Agents,21540,g28ct3WWrWXqP3Z0LhI2J01yOsX2
Basics of Communication for CACMACSFinance Exams,22240,oICWcpjSH1XEMpSTGOHPJ71ABh33
DropShipping Custom Shirts In 7 Easy Steps!,51140,qbPxMpzHfOVFC7lXTY6cGprZJs82
Tax Accounting Made Easy to Understand,30850,IED0Ji1oKHh7DZ9Jbg87mTHkYtu1
Business Strategy AZ (With Case Studies),1600,JEsNTBIwgAQspysSe5FWhR80zY03
How to build an etsy ecommerce home business in record time,40000,PFABEm3ELjV5bhOq9LwapHMnV2w1
The Ultimate Guide to Money Laundering and AML Compliance,10400,g28ct3WWrWXqP3Z0LhI2J01yOsX2
LEED Green Associate V4  400 Questions by Credit Categories,22110,oICWcpjSH1XEMpSTGOHPJ71ABh33
Fundamentals of Audit  A Crash Course,2010,qbPxMpzHfOVFC7lXTY6cGprZJs82
Cryptocurrency Masterclass Technical Analysis for Beginners,62140,IED0Ji1oKHh7DZ9Jbg87mTHkYtu1
Cost of Quality Analysis and Reporting,21130,JEsNTBIwgAQspysSe5FWhR80zY03
Internal audit on Medical Device QMS  ISO 134852016,10200,PFABEm3ELjV5bhOq9LwapHMnV2w1
Cold calling FIRE cold calling like the Wolf of Wall Street,430,g28ct3WWrWXqP3Z0LhI2J01yOsX2
How To Maximize Your Profits Trading Options,1250,oICWcpjSH1XEMpSTGOHPJ71ABh33
FinTech  Digital Payments (Card & POS),51400,qbPxMpzHfOVFC7lXTY6cGprZJs82
Sales skills A complete sales training to increase sales,30310,IED0Ji1oKHh7DZ9Jbg87mTHkYtu1
How to run better company meetings (Updated for COVID19),31520,JEsNTBIwgAQspysSe5FWhR80zY03
Get Life Coaching Clients with Workshops and Public Speaking,20120,PFABEm3ELjV5bhOq9LwapHMnV2w1
Price Action Trading Strategy Advanced Forex Trading Course,60730,g28ct3WWrWXqP3Z0LhI2J01yOsX2
Trading Master 103  The Fibonacci Retracement Strategy!,800,oICWcpjSH1XEMpSTGOHPJ71ABh33
FOREX  Learn Technical Analysis,40710,qbPxMpzHfOVFC7lXTY6cGprZJs82
Effective Communication Skills Stakeholder Analysis,420,IED0Ji1oKHh7DZ9Jbg87mTHkYtu1
Voice Mail That Makes Sales  Get Your Call Returned !,31210,JEsNTBIwgAQspysSe5FWhR80zY03
VoIP Design and Telephony Fundamentals,1440,PFABEm3ELjV5bhOq9LwapHMnV2w1
How To Start & Run Your Very Own Subscription Box Business!,50000,g28ct3WWrWXqP3Z0LhI2J01yOsX2
YouTube & CPA Marketing Make and Optimize Your Channel,31440,oICWcpjSH1XEMpSTGOHPJ71ABh33
APA Survival Guide,12030,qbPxMpzHfOVFC7lXTY6cGprZJs82
Basics of Auditing A Complete Study,21010,IED0Ji1oKHh7DZ9Jbg87mTHkYtu1
Fiction Writing  Write  Polish and Publish Your First Novel,11330,JEsNTBIwgAQspysSe5FWhR80zY03
QuickBooks Vendors And Accounts Payable,61510,PFABEm3ELjV5bhOq9LwapHMnV2w1
How to write technical IT requirements to get what you need,31400,g28ct3WWrWXqP3Z0LhI2J01yOsX2
Getting Started With Cryptocurrency  Bitcoin & More!,31110,oICWcpjSH1XEMpSTGOHPJ71ABh33
Human Resource Management (HRM)  How to manage better?,32220,qbPxMpzHfOVFC7lXTY6cGprZJs82
Start your own recruitment agency from home,10120,IED0Ji1oKHh7DZ9Jbg87mTHkYtu1
CPA 101 How To Master Affiliate Marketing In No Time,21250,JEsNTBIwgAQspysSe5FWhR80zY03
Learn Blogging & Affiliate Marketing in 2020,30400,PFABEm3ELjV5bhOq9LwapHMnV2w1
Import & Export Logistics with the global Incoterms® Rules,20250,g28ct3WWrWXqP3Z0LhI2J01yOsX2
Learn How to Double or Triple Your Production in Real Estate,22030,oICWcpjSH1XEMpSTGOHPJ71ABh33
Complete Google Slides Course  Create Stunning Slides,41720,qbPxMpzHfOVFC7lXTY6cGprZJs82
Excel Statistics  Data Analytics,11840,IED0Ji1oKHh7DZ9Jbg87mTHkYtu1
Knowledge Management,10640,JEsNTBIwgAQspysSe5FWhR80zY03
Build a Trading Comps Valuation Model,10730,PFABEm3ELjV5bhOq9LwapHMnV2w1
Consulting Jobs Become A Highly Paid Consultant & Get Hired,52140,g28ct3WWrWXqP3Z0LhI2J01yOsX2
Forget Bitcoin  The World According to Blockchain,50140,oICWcpjSH1XEMpSTGOHPJ71ABh33
MS Excel  Get Basic MS Excel Skills in Almost 1 Hour,60620,qbPxMpzHfOVFC7lXTY6cGprZJs82
Public Speaking Skills  Give a Great Informational Speech,50900,IED0Ji1oKHh7DZ9Jbg87mTHkYtu1
The Definitive Guide to Web Project Requirements Gathering,11200,JEsNTBIwgAQspysSe5FWhR80zY03
Fundamentals of US GAAP Accounting,12040,PFABEm3ELjV5bhOq9LwapHMnV2w1
NimblrTA Breakout Strategy for Beginners,62120,g28ct3WWrWXqP3Z0LhI2J01yOsX2
Life changing formula with Upwork,31140,oICWcpjSH1XEMpSTGOHPJ71ABh33
Master of Industrial and Organizational Psychology,31920,qbPxMpzHfOVFC7lXTY6cGprZJs82
Basic Technical Analysis Learn the structure of the market,20700,IED0Ji1oKHh7DZ9Jbg87mTHkYtu1
ITNONIT Recruiter Training to become a Recruiter (Junior),30350,JEsNTBIwgAQspysSe5FWhR80zY03
The Big Volatility Short The Best Trade On Wall Street!,1230,PFABEm3ELjV5bhOq9LwapHMnV2w1
Beginners Guide to Importing Products Alibaba to Amazon FBA,10210,g28ct3WWrWXqP3Z0LhI2J01yOsX2
Excellence in Customer Service,20640,oICWcpjSH1XEMpSTGOHPJ71ABh33
Sales 20 How to Sell the Current Customer Easily,60030,qbPxMpzHfOVFC7lXTY6cGprZJs82
Investing in Stocks for Complete Beginners (Basics),60430,IED0Ji1oKHh7DZ9Jbg87mTHkYtu1
Entrepreneurship 101  Beginners Guide to Building a Startup,40410,JEsNTBIwgAQspysSe5FWhR80zY03
Cryptocurrency Fundamentals Coins  Wallets  Exchanges  ICOs,11720,PFABEm3ELjV5bhOq9LwapHMnV2w1
Valves  Principles   Operation & Designs,40420,g28ct3WWrWXqP3Z0LhI2J01yOsX2
Craft Business Power Online Selling For Artists And Makers,400,oICWcpjSH1XEMpSTGOHPJ71ABh33
Wholesaling Real Estate Made Easy  2020 (Contract Included),50650,qbPxMpzHfOVFC7lXTY6cGprZJs82
Health Data 101,1640,IED0Ji1oKHh7DZ9Jbg87mTHkYtu1
Affiliate Marketing for Beginners Make Money Online,21250,JEsNTBIwgAQspysSe5FWhR80zY03
Business Essentials  Watch before you Launch your Business,20450,PFABEm3ELjV5bhOq9LwapHMnV2w1
How To Make Passive Income Selling eBooks & Courses,30220,g28ct3WWrWXqP3Z0LhI2J01yOsX2
Blockchain in Financial Services,10420,oICWcpjSH1XEMpSTGOHPJ71ABh33
Oil & Gas  Markets Trading Pricing & Economic Framework,51100,qbPxMpzHfOVFC7lXTY6cGprZJs82
The PMO Bootcamp (find the job  ace it  & master the PMO),60040,IED0Ji1oKHh7DZ9Jbg87mTHkYtu1
TShirt DropShipping in 4 Easy Steps  Build Your Store!,51600,JEsNTBIwgAQspysSe5FWhR80zY03
New Home Construction   2 of 8,10730,PFABEm3ELjV5bhOq9LwapHMnV2w1
Fast Track Entrepreneur Build an Online Business in 4 Weeks,12020,g28ct3WWrWXqP3Z0LhI2J01yOsX2
PMP 6th Edition Exam Preparation 2020,11150,oICWcpjSH1XEMpSTGOHPJ71ABh33
Writing Highly Effective Internal Audit Report In  60 Days,50410,qbPxMpzHfOVFC7lXTY6cGprZJs82
Introduction to Project Management for Finance and Acctg,31540,IED0Ji1oKHh7DZ9Jbg87mTHkYtu1
Ultimate Persuasion Strategies!  Influence Tools & Skills,21540,JEsNTBIwgAQspysSe5FWhR80zY03
Revealed Power Query Advanced Tips And Tricks,11200,PFABEm3ELjV5bhOq9LwapHMnV2w1
Options Trading for Beginners,62100,g28ct3WWrWXqP3Z0LhI2J01yOsX2
From Beginner to Master of Pivot Tables  Best Tool in Excel,12040,oICWcpjSH1XEMpSTGOHPJ71ABh33
Start an Online TShirt Business at Zero Cost,31410,qbPxMpzHfOVFC7lXTY6cGprZJs82
Hack Kickstarter Crowdfunding Mastery To Fund Your Campaign,11510,IED0Ji1oKHh7DZ9Jbg87mTHkYtu1
Creativity and Personal Mastery for Business Success,31740,JEsNTBIwgAQspysSe5FWhR80zY03
Growth hacks for entrepreneurs,610,PFABEm3ELjV5bhOq9LwapHMnV2w1
188% Profit in 1Year  Forex ALGO Robot Trading no indicator,10800,g28ct3WWrWXqP3Z0LhI2J01yOsX2
Product Management Product Market Strategy,31050,oICWcpjSH1XEMpSTGOHPJ71ABh33
Customer Service Fundamentals,31500,qbPxMpzHfOVFC7lXTY6cGprZJs82
Start a Business and Travel the World in 30 Days!,240,IED0Ji1oKHh7DZ9Jbg87mTHkYtu1
Human Resources Excellency Program 1,11550,JEsNTBIwgAQspysSe5FWhR80zY03
Space Law 101,10550,PFABEm3ELjV5bhOq9LwapHMnV2w1
Financial analysis Compare performance of companies,10150,g28ct3WWrWXqP3Z0LhI2J01yOsX2
Supply Chain of Perishable Products Inventory Management,12310,oICWcpjSH1XEMpSTGOHPJ71ABh33
QuickBooks Online 2020 Vs QuickBooks Desktop 2020,50740,qbPxMpzHfOVFC7lXTY6cGprZJs82
Power BI Masterclass  DAX  Excel And More,550,IED0Ji1oKHh7DZ9Jbg87mTHkYtu1
Leadership  How to Succeed through Direction,61030,JEsNTBIwgAQspysSe5FWhR80zY03
Stock Market Investing and Trading with Technical Analysis,720,PFABEm3ELjV5bhOq9LwapHMnV2w1
HR Analytics  Predictive Analytics,10820,g28ct3WWrWXqP3Z0LhI2J01yOsX2
POWER Sales Questions ,31320,oICWcpjSH1XEMpSTGOHPJ71ABh33
Lean Six Sigma White Belt,10250,qbPxMpzHfOVFC7lXTY6cGprZJs82
Grant Writing Master Class,50500,IED0Ji1oKHh7DZ9Jbg87mTHkYtu1
Relationship Management in Corporate Banking,21340,JEsNTBIwgAQspysSe5FWhR80zY03
Financial modeling Build a forward looking integrated model,10150,PFABEm3ELjV5bhOq9LwapHMnV2w1
Linkedin Bootcamp complete guide to a Powerful Profile,20700,g28ct3WWrWXqP3Z0LhI2J01yOsX2
7 courses in 1  Diploma in Business Management,10030,oICWcpjSH1XEMpSTGOHPJ71ABh33
A New Method For Product Development & Design SIMPSISModel,32020,qbPxMpzHfOVFC7lXTY6cGprZJs82
Forex Trading MAKE YOUR FIRST TRADE TODAY!,550,IED0Ji1oKHh7DZ9Jbg87mTHkYtu1
Start Your Own Clothing Brand Design  Create & Sell Apparel,51930,JEsNTBIwgAQspysSe5FWhR80zY03
Home Made How To Start A HomeBased Food Business,61440,PFABEm3ELjV5bhOq9LwapHMnV2w1
Sitecore 9 Content Editing Basics StepbyStep,10220,g28ct3WWrWXqP3Z0LhI2J01yOsX2
Practical Financial Statement Analysis,41420,oICWcpjSH1XEMpSTGOHPJ71ABh33
Lean Six Sigma Green Belt Exam Practice Test,1530,qbPxMpzHfOVFC7lXTY6cGprZJs82
Writing A Book The First Draft,50550,IED0Ji1oKHh7DZ9Jbg87mTHkYtu1
Build ZeroCost Affiliate Marketing Websites that Convert!,10850,JEsNTBIwgAQspysSe5FWhR80zY03
Crowdfunding Success Guide for Kickstarter & Indiegogo 2020,21800,PFABEm3ELjV5bhOq9LwapHMnV2w1
Video Marketing Learn DSLR Video to Grow Your Business,10930,g28ct3WWrWXqP3Z0LhI2J01yOsX2
Effective Debt Collection Strategies,60150,oICWcpjSH1XEMpSTGOHPJ71ABh33
Pneumatic Control,10720,qbPxMpzHfOVFC7lXTY6cGprZJs82
Long Term Share Investing Technique (International Edition),40440,IED0Ji1oKHh7DZ9Jbg87mTHkYtu1
Learn the Basics of Project Management  PMP Training 101,1920,JEsNTBIwgAQspysSe5FWhR80zY03
You Can Deliver a TEDStyle Talk  Presentation (Unofficial),60140,PFABEm3ELjV5bhOq9LwapHMnV2w1
Media Training Look Your BestGet the Exact Quotes You Want,10610,g28ct3WWrWXqP3Z0LhI2J01yOsX2
Public Relations Speak Effectively at Press Conferences,10930,oICWcpjSH1XEMpSTGOHPJ71ABh33
Multifamily Real Estate Investing for Real Estate Investors,52230,qbPxMpzHfOVFC7lXTY6cGprZJs82
Swing trade stocks and forex with the Ichimoku Cloud,1030,IED0Ji1oKHh7DZ9Jbg87mTHkYtu1
Basics of SCM,130,JEsNTBIwgAQspysSe5FWhR80zY03
Blockchain Business Basics – Enterprise & Business Use Cases,800,PFABEm3ELjV5bhOq9LwapHMnV2w1
Format MS Word for Amazon Kindle  Get Beautiful Ebooks,1420,g28ct3WWrWXqP3Z0LhI2J01yOsX2
Closing Sales  Business by Design,31630,oICWcpjSH1XEMpSTGOHPJ71ABh33
Introduction to Accounting in 1 hour  Free ebook included!,41720,IED0Ji1oKHh7DZ9Jbg87mTHkYtu1
Cost Based Pricing for Procurement & Purchasing organization,51900,JEsNTBIwgAQspysSe5FWhR80zY03
Performance Improvement Projects for Management Consultants,10730,PFABEm3ELjV5bhOq9LwapHMnV2w1
Professional Bookkeeping & Accounting 1 Sales & Purchases,2320,g28ct3WWrWXqP3Z0LhI2J01yOsX2
JVZoo Mastery,30110,oICWcpjSH1XEMpSTGOHPJ71ABh33
